INSERT INTO HARDWARE(CODE, NAME, PRICE, TYPE, AMOUNT) VALUES ( 1, 'Asus TUF RTX 3080', 1599.0, 'GPU', 3 );
INSERT INTO HARDWARE(CODE, NAME, PRICE, TYPE, AMOUNT) VALUES ( 2, 'EVGA XC3 RTX 3070 Ti', 1299.0, 'GPU', 5 );
INSERT INTO HARDWARE(CODE, NAME, PRICE, TYPE, AMOUNT) VALUES ( 3, 'Samsung 980 PRO SSD 1TB', 299.0, 'STORAGE', 10 );
INSERT INTO HARDWARE(CODE, NAME, PRICE, TYPE, AMOUNT) VALUES ( 4, 'AMD RYZEN 5950X', 899.0, 'CPU', 2 );
INSERT INTO HARDWARE(CODE, NAME, PRICE, TYPE, AMOUNT) VALUES ( 5, 'Kingston FURY Beast DDR5 32GB', 699.0, 'RAM', 15 );

INSERT INTO REVIEW(CODE, TITLE, DESCRIPTION, RATING, HARDWAREID) VALUES ( 1, 'Loša memorija', 'Razočaran sam omjerom cijene i kvalitete', 1, 5);
INSERT INTO REVIEW(CODE, TITLE, DESCRIPTION, RATING, HARDWAREID) VALUES ( 2, 'Dobar procesor', 'Solidne performanse u igricama', 3, 4);
INSERT INTO REVIEW(CODE, TITLE, DESCRIPTION, RATING, HARDWAREID) VALUES ( 3, 'Odlična grafička', 'Sviđa mi se što ne proizvodi buku', 5, 2);
INSERT INTO REVIEW(CODE, TITLE, DESCRIPTION, RATING, HARDWAREID) VALUES ( 4, 'Vrlo dobra grafička', 'Sjajni rezultati i dobra pod pritiskom', 4, 1);
INSERT INTO REVIEW(CODE, TITLE, DESCRIPTION, RATING, HARDWAREID) VALUES ( 5, 'Slab SSD', 'Nisam sretan prevelikom cijenom i kompatibilnosti s PCIe3.0', 2, 3);
INSERT INTO REVIEW(CODE, TITLE, DESCRIPTION, RATING, HARDWAREID) VALUES ( 6, 'Slaba memorija', 'Slaba kod overclockanja', 2, 5);
INSERT INTO REVIEW(CODE, TITLE, DESCRIPTION, RATING, HARDWAREID) VALUES ( 7, 'Vrlo dobra memorija', 'Dobra brzina i kompatibilnost', 4, 3);
INSERT INTO REVIEW(CODE, TITLE, DESCRIPTION, RATING, HARDWAREID) VALUES ( 8, 'Loša grafička', 'Nadam se neuspješnoj prodaji ove grafičke', 1, 1);
INSERT INTO REVIEW(CODE, TITLE, DESCRIPTION, RATING, HARDWAREID) VALUES ( 9, 'Odličan procesor', 'Savršen procesor, pristupačan i oddličan u svim područjima', 5, 4);
INSERT INTO REVIEW(CODE, TITLE, DESCRIPTION, RATING, HARDWAREID) VALUES ( 10, 'Dobra grafička', 'Ni loša ni pretjerano dobra grafička, posluži svrsi', 3, 2);

INSERT INTO AUTHORITY(ID, AUTHORITY_NAME) VALUES ( 1, 'ROLE_ADMIN' );
INSERT INTO AUTHORITY(ID, AUTHORITY_NAME) VALUES ( 2, 'ROLE_USER' );

INSERT INTO USER(ID, USERNAME, PASSWORD) VALUES ( 1, 'user', '$2a$12$h0HcS2QDb/7zPASbLa2GoOTSRP6CWK0oX7pCK.dPjkM6L5N4pNovi' );
INSERT INTO USER(ID, USERNAME, PASSWORD) VALUES ( 2, 'admin', '$2a$12$INo0nbj40sQrTB7b28KJput/bNltGmFyCfRsUhvy73qcXo5/XdsTG' );

INSERT INTO USER_AUTHORITY(USER_ID, AUTHORITY_ID) VALUES ( 1, 2 );
INSERT INTO USER_AUTHORITY(USER_ID, AUTHORITY_ID) VALUES ( 2, 1 );